{
	"info": {
		"_postman_id": "52074c01-62d8-493f-9719-242db5d54e19",
		"name": "Token",
		"schema": "https://schema.getpostman.com/json/collection/v2.1.0/collection.json"
	},
	"item": [
		{
			"name": "http://127.0.0.1:8000/account/home",
			"request": {
				"auth": {
					"type": "bearer",
					"bearer": [
						{
							"key": "token",
							"value": "eyJ0eXAiOiJKV1QiLCJhbGciOiJIUzI1NiJ9.eyJ0b2tlbl90eXBlIjoicmVmcmVzaCIsImV4cCI6MTYwNTMyODAyNiwianRpIjoiMTk1ZWM1Zjk4ODY0NDllNjkwNjhmZWIzNTg1OWQ5YjQiLCJ1c2VyX2lkIjoyfQ",
							"type": "string"
						}
					]
				},
				"method": "GET",
				"header": [
					{
						"key": "Authorization",
						"value": "",
						"type": "text",
						"disabled": true
					}
				],
				"url": {
					"raw": "http://127.0.0.1:8000/account/home",
					"protocol": "http",
					"host": [
						"127",
						"0",
						"0",
						"1"
					],
					"port": "8000",
					"path": [
						"account",
						"home"
					]
				}
			},
			"response": []
		},
		{
			"name": "http://127.0.0.1:8000/account/api/token/",
			"request": {
				"method": "POST",
				"header": [],
				"body": {
					"mode": "formdata",
					"formdata": [
						{
							"key": "username",
							"value": "rajendra",
							"type": "text"
						},
						{
							"key": "password",
							"value": "rajendra",
							"type": "text"
						}
					]
				},
				"url": {
					"raw": "http://127.0.0.1:8000/account/api/token/",
					"protocol": "http",
					"host": [
						"127",
						"0",
						"0",
						"1"
					],
					"port": "8000",
					"path": [
						"account",
						"api",
						"token",
						""
					]
				}
			},
			"response": []
		},
		{
			"name": "http://127.0.0.1:8000/account/home",
			"request": {
				"auth": {
					"type": "bearer",
					"bearer": [
						{
							"key": "token",
							"value": "eyJ0eXAiOiJKV1QiLCJhbGciOiJIUzI1NiJ9.eyJ0b2tlbl90eXBlIjoiYWNjZXNzIiwiZXhwIjoxNjA1MjQyMzE2LCJqdGkiOiJmYWM3MjIyNDhjZGY0MmIzYTMwNTkyODQxODU4MTIxZCIsInVzZXJfaWQiOjN9.1WThHfeDFjcpja4jQD-IReAFFoecwVNFohHIQkPJoV0",
							"type": "string"
						}
					]
				},
				"method": "GET",
				"header": [],
				"url": {
					"raw": "http://127.0.0.1:8000/account/home",
					"protocol": "http",
					"host": [
						"127",
						"0",
						"0",
						"1"
					],
					"port": "8000",
					"path": [
						"account",
						"home"
					]
				}
			},
			"response": []
		}
	],
	"protocolProfileBehavior": {}
}